movie_id,review_text
1,"The action scenes are excellent and the visuals are groundbreaking. The story is clever, although some dialogue feels simple."
1,"Strong sci-fi ideas, exciting action, and memorable visual effects. The acting is solid and the soundtrack builds tension well."
2,"The storyline is complex and fascinating, with strong visuals and clever editing. Some viewers may find the pacing confusing."
2,"Great action and impressive effects. The story is ambitious and the acting is strong, but the ending can feel unclear."
3,"Outstanding acting and a serious crime story. The action is intense and the villain performance is excellent."
3,"The storyline is powerful and the acting is memorable. The soundtrack creates tension, although the film is quite dark."
4,"Emotional storyline, beautiful visuals and a powerful soundtrack. The science ideas are interesting but the pacing is slow."
4,"The acting is strong and the visuals are impressive. The story is moving, although some parts feel long."
5,"Funny characters, warm story and creative animation. The visuals are charming and the voice acting is enjoyable."
5,"A simple but excellent story with comedy and emotion. The soundtrack and animation support the film well."
6,"Colourful visuals and funny characters make the movie enjoyable. The story is emotional and family friendly."
6,"The animation is beautiful and the comedy works well. The storyline is simple but effective."
7,"Excellent music and emotional storytelling. The animation is memorable and the characters are strong."
7,"The soundtrack is outstanding and the story is powerful. Acting and visuals make the film memorable."
8,"The music and visuals are beautiful, and the acting is charming. The story is romantic but slightly slow."
8,"Great soundtrack and colourful cinematography. The acting is good, although the ending may divide viewers."
9,"Brilliant acting and an intense music-focused story. The soundtrack is excellent and the pacing is gripping."
9,"The performances are powerful and the story is intense. The music is a major strength."
10,"Smart storyline with strong social commentary and excellent acting. The humour is sharp and the thriller elements work well."
10,"Original story, strong acting and clever suspense. The pacing is excellent and the ending is powerful."
11,"Outstanding acting and a deep crime storyline. The pacing is slow but the characters are unforgettable."
11,"The story is rich and the performances are excellent. It is serious, dramatic and carefully written."
12,"Sharp dialogue, strong acting and memorable characters. The story structure is unusual but very engaging."
12,"The soundtrack and style are excellent. The crime story is entertaining, though some scenes are violent."
13,"Huge action sequences and impressive visual effects. The story rewards fans but may feel crowded."
13,"Exciting superhero action with emotional moments. Visuals are strong, but the plot depends on earlier films."
14,"Strong visuals, energetic action and a meaningful story. The acting is good and the world-building is creative."
14,"The soundtrack and visuals are excellent. The story is enjoyable, although the villain plot is predictable."
15,"Strong writing and acting make the story engaging. The pacing is sharp and the dialogue is excellent."
15,"The film has excellent acting and a focused story. It is not action-heavy, but the drama works well."
16,"Emotional storyline and excellent acting. The soundtrack is gentle and the characters are memorable."
16,"A heartwarming story with strong performances. The romance and drama are effective, though some scenes feel sentimental."
17,"Powerful story, excellent acting and emotional impact. The pacing is slow but rewarding."
17,"The characters are strong and the storyline is inspiring. Acting and direction are excellent."
18,"Clever story with strong suspense and social meaning. The acting is excellent and the horror is intelligent."
18,"The thriller elements are effective and the storyline feels original. Visuals are simple but suitable."
19,"Strong tension and creative sound design. The story is simple but suspenseful and emotional."
19,"The acting is good and the quiet atmosphere creates fear. Some plot details feel weak but the suspense works."
20,"Beautiful visuals, quirky comedy and charming acting. The story is unusual but enjoyable."
20,"The style is colourful and the soundtrack is pleasant. The comedy is clever, though the plot is light."
21,"Excellent action, strong visuals and fast pacing. The story is simple but the visual design is outstanding."
21,"The action is intense and the cinematography is amazing. Acting is solid but the plot is minimal."
22,"Creative story and emotional ideas. The animation is colourful and the comedy is effective."
22,"Funny and moving, with strong visuals and voice acting. The storyline is clever and family friendly."
23,"Emotional story, excellent music and beautiful animation. The characters and family themes are strong."
23,"The visuals and soundtrack are excellent. The story is touching and the acting is warm."
24,"Energetic acting and dark comedy. The story is entertaining but some scenes feel excessive."
24,"Strong performance and fast pacing. The comedy works, though the characters are not always likeable."
25,"Powerful action, strong acting and dramatic storyline. The soundtrack is memorable and the visuals are impressive."
25,"Epic battles and emotional drama. The story is engaging and the lead performance is excellent."
26,"Thoughtful story and emotional acting. The visuals are soft and the romance feels unusual but interesting."
26,"The storyline is original and reflective. Acting is strong, but the pacing is slow."
27,"Clever mystery story with strong acting and an excellent twist. The pacing is controlled and engaging."
27,"The plot is smart and the performances are strong. Visuals are good and the ending is satisfying."
28,"Strong acting and a dark character-focused story. The soundtrack is powerful but the tone is heavy."
28,"The performance is excellent and the visuals are striking. The storyline is serious and disturbing."
29,"Beautiful animation and imaginative story. The visuals are excellent and the soundtrack is magical."
29,"Creative world-building, strong emotion and memorable visuals. The story is unusual but engaging."
30,"Impressive visuals and strong world-building. The story is interesting but the pacing is slow."
30,"The soundtrack and cinematography are excellent. Acting is strong, though the film feels like a first chapter."
31,"Beautiful visuals, strong atmosphere and thoughtful sci-fi ideas. The story is slow but powerful."
31,"The cinematography and soundtrack are excellent. Acting is good, although the pacing may be too slow for some viewers."
32,"Strong acting, tense crime story and sharp dialogue. The plot is engaging and violent."
32,"The performances are excellent and the suspense works well. The story is complex but rewarding."
33,"Emotional opening, funny characters and colourful animation. The story is simple but meaningful."
33,"The visuals are charming and the comedy is sweet. The emotional story is the strongest part."
34,"Romantic story with emotional acting. The pacing is slow but the relationship is touching."
34,"The romance is strong and the acting is sincere. Some dialogue feels predictable."
35,"Effective horror atmosphere and strong suspense. The story is familiar but the scares work well."
35,"The sound design and tension are good. Acting is solid, though the plot is conventional."
36,"Excellent action choreography and stylish visuals. The story is simple but the pacing is exciting."
36,"Fast action and strong visual style. Acting is minimal but the fight scenes are impressive."
37,"Creative animation, fun action and strong humour. The visuals are outstanding and the story is heartfelt."
37,"Excellent soundtrack, animation and comedy. The story is energetic and emotional."
38,"Strong acting and interesting historical story. The drama is engaging, though some details are simplified."
38,"The performances are good and the storyline is inspiring. The pacing is clear and focused."
39,"Thoughtful sci-fi story with emotional depth. The acting and soundtrack are strong, while action is limited."
39,"The story is intelligent and moving. Visuals are good and the atmosphere is calm but gripping."
40,"Clever mystery story with funny dialogue and strong acting. The pacing is enjoyable and the plot is satisfying."
40,"Good comedy and engaging crime plot. The acting is strong and the ending is entertaining."
